﻿<?xml version="1.0" encoding="UTF-8"?>
<kinovea>
  <software release="0.8.15"> </software>
  <lang id="fr">
    <manual id="0" revision="6">
      <title>Guide d'utilisation en français</title>
      <filesize>2652383</filesize>
      <location>.\Manuals\kinovea.fr.chm</location>
    </manual>
    <video id="0" revision="1">
      <title>Visualisation - Découverte</title>
      <filesize>1665272</filesize>
      <location>.\HelpVideos\fr-visualisation-decouverte.avi</location>
      <comment>Cette vidéo vous accompagne à la découverte 
      des opérations les plus basiques de Kinovea.
      </comment>
    </video>
  </lang>
  <lang id="en">
    <manual id="0" revision="6">
      <title>User's Guide in English</title>
      <filesize>2498725</filesize>
      <location>.\Manuals\kinovea.en.chm</location>
    </manual>
    <video id="0" revision="1">
      <title>Visualization - Basics</title>
      <filesize>1665272</filesize>
      <location>.\HelpVideos\en-visualization-basics.avi</location>
      <comment>This video guides you through the most basic operation in Kinovea.
      </comment>
    </video>
  </lang>
  <lang id="it">
    <manual id="0" revision="6">
      <title>User's Guide in Italiano</title>
      <filesize>2686439</filesize>
      <location>.\Manuals\kinovea.it.chm</location>
    </manual>
  </lang>
</kinovea>
