<?xml version="1.0" encoding="utf-8"?>
<!-- log4net configuration settings -->
<log4net>
	<appender name="FileAppender" type="log4net.Appender.FileAppender">
		<file value="${APPDATA}\Kinovea\log.txt"/>
		<appendToFile value="false"/>
		<layout type="log4net.Layout.PatternLayout">
			<conversionPattern value="%timestamp - %-5level - [%thread] - %logger{1} - %message%newline"/>
		</layout>
	</appender>
	<root>
        <level value="INFO"/>
        <appender-ref ref="FileAppender"/>
    </root>
</log4net>
